Order_ID,Country,Category,Unit_Price,Quantity,Order_Date,Total_Amount
1,Germany,Electronics,285.82,7,6/12/2025,2000.74
2,Pakistan,Toys,132,9,1/14/2025,1188
3,Australia,Fashion,481.65,9,8/27/2025,4334.85
4,UAE,Grocery,244.36,3,3/13/2025,733.08
5,Germany,Sports,403.97,5,5/23/2025,2019.85
6,Brazil,Home Decor,277.36,8,10/10/2025,2218.88
7,India,Fashion,26.49,8,9/26/2025,211.92
8,Germany,Toys,318.41,4,8/29/2025,1273.64
9,Australia,Home Decor,475.94,1,9/2/2025,475.94
10,UAE,Beauty,302.8,1,6/12/2025,302.8
11,Pakistan,Electronics,410.5,4,3/1/2025,1642
12,Australia,Sports,442.68,6,1/6/2025,2656.08
13,Australia,Toys,117.9,8,7/16/2025,943.2
14,India,Beauty,109.96,6,2/27/2025,659.76
15,Canada,Books,307.44,9,11/1/2025,2766.96
16,UAE,Fashion,208.46,9,8/5/2025,1876.14
17,UK,Grocery,420.73,2,1/26/2025,841.46
18,Australia,Home Decor,450.51,1,10/30/2025,450.51
19,Canada,Electronics,179.94,2,1/5/2025,359.88
20,UK,Home Decor,122.25,5,1/20/2025,611.25
21,UAE,Sports,391.36,4,7/17/2025,1565.44
22,USA,Fashion,141.03,4,2/28/2025,564.12
23,Brazil,Home Decor,412.19,9,8/30/2025,3709.71
24,Canada,Electronics,214.75,8,5/26/2025,1718
25,China,Fashion,335.44,6,9/30/2025,2012.64
26,USA,Home Decor,52.29,1,9/6/2025,52.29
27,Brazil,Grocery,313.81,2,1/14/2025,627.62
28,India,Toys,228.63,6,1/13/2025,1371.78
29,Germany,Fashion,295.37,2,2/13/2025,590.74
30,Pakistan,Toys,88.17,5,1/19/2025,440.85
31,China,Books,369.75,5,3/4/2025,1848.75
32,India,Fashion,432.08,6,8/27/2025,2592.48
33,UAE,Grocery,112.29,6,4/10/2025,673.74
34,India,Toys,52.38,6,6/12/2025,314.28
35,Germany,Beauty,16.7,2,5/2/2025,33.4
36,UAE,Electronics,322.78,3,2/13/2025,968.34
37,China,Beauty,305.51,6,5/25/2025,1833.06
38,Germany,Home Decor,275.62,8,2/19/2025,2204.96
39,UK,Grocery,119.81,1,3/6/2025,119.81
40,Pakistan,Beauty,198.5,1,10/15/2025,198.5
41,China,Fashion,299.27,2,6/13/2025,598.54
42,UK,Home Decor,250.9,6,5/21/2025,1505.4
43,Brazil,Home Decor,493.95,9,5/8/2025,4445.55
44,China,Beauty,72.54,4,8/27/2025,290.16
45,Brazil,Books,349.1,3,10/23/2025,1047.3
46,UAE,Beauty,205.14,8,7/6/2025,1641.12
47,UK,Books,216.96,9,7/27/2025,1952.64
48,Pakistan,Grocery,360.21,5,8/8/2025,1801.05
49,Germany,Electronics,347.76,9,7/9/2025,3129.84
50,Australia,Beauty,495.67,2,10/11/2025,991.34
51,India,Sports,68.56,3,8/25/2025,205.68
52,USA,Books,56.53,7,7/13/2025,395.71
53,Pakistan,Beauty,363.55,7,10/14/2025,2544.85
54,UK,Toys,291.3,6,9/16/2025,1747.8
55,Australia,Fashion,140.71,6,9/3/2025,844.26
56,Pakistan,Sports,44.31,2,5/16/2025,88.62
57,UK,Sports,47.4,6,10/7/2025,284.4
58,Canada,Books,447.62,4,9/28/2025,1790.48
59,Canada,Toys,99.97,3,6/20/2025,299.91
60,Brazil,Toys,165.07,2,6/8/2025,330.14
61,Pakistan,Home Decor,117.19,1,7/20/2025,117.19
62,Canada,Books,180.72,5,2/14/2025,903.6
63,UK,Electronics,39.36,2,9/21/2025,78.72
64,Brazil,Fashion,261.93,2,3/12/2025,523.86
65,UK,Grocery,38.47,7,4/13/2025,269.29
66,Brazil,Sports,401.18,8,5/5/2025,3209.44
67,Pakistan,Grocery,120.69,8,10/13/2025,965.52
68,Australia,Beauty,272.31,4,8/18/2025,1089.24
69,Germany,Beauty,440.64,1,5/26/2025,440.64
70,China,Grocery,327.18,7,7/16/2025,2290.26
71,Australia,Beauty,268.81,1,8/9/2025,268.81
72,UAE,Electronics,165.55,4,3/1/2025,662.2
73,UK,Toys,169.84,8,4/8/2025,1358.72
74,UAE,Beauty,336.4,2,6/20/2025,672.8
75,Australia,Home Decor,497.1,6,6/22/2025,2982.6
76,Brazil,Beauty,332.61,6,5/31/2025,1995.66
77,China,Fashion,281.1,9,5/2/2025,2529.9
78,China,Electronics,366.67,5,4/18/2025,1833.35
79,USA,Fashion,235.28,4,1/4/2025,941.12
80,China,Fashion,34.77,5,4/3/2025,173.85
81,Germany,Home Decor,283.34,5,1/6/2025,1416.7
82,China,Electronics,479.02,8,10/15/2025,3832.16
83,Australia,Electronics,91.77,8,4/16/2025,734.16
84,USA,Books,346.55,2,5/26/2025,693.1
85,Australia,Electronics,104.46,7,9/28/2025,731.22
86,Australia,Electronics,270.23,8,4/6/2025,2161.84
87,India,Electronics,52.85,6,8/17/2025,317.1
88,USA,Home Decor,227.93,5,7/21/2025,1139.65
89,Australia,Beauty,379.3,9,7/31/2025,3413.7
90,India,Books,177.05,3,1/6/2025,531.15
91,India,Fashion,334.13,4,4/22/2025,1336.52
92,USA,Electronics,398.75,9,4/16/2025,3588.75
93,UAE,Sports,463.95,6,5/19/2025,2783.7
94,Brazil,Beauty,121.15,8,10/26/2025,969.2
95,Germany,Beauty,202.66,7,4/6/2025,1418.62
96,Brazil,Fashion,80.45,2,10/24/2025,160.9
97,China,Home Decor,496.28,3,8/2/2025,1488.84
98,Germany,Grocery,463.87,1,10/18/2025,463.87
99,China,Grocery,272.28,9,1/22/2025,2450.52
100,Australia,Beauty,421.81,7,7/12/2025,2952.67
101,UK,Toys,262.87,1,5/30/2025,262.87
102,USA,Toys,313.67,3,9/4/2025,941.01
103,Germany,Fashion,49.12,4,9/24/2025,196.48
104,Germany,Grocery,378.86,4,9/8/2025,1515.44
105,Australia,Beauty,68.22,5,1/3/2025,341.1
106,UAE,Home Decor,413.9,3,3/17/2025,1241.7
107,India,Grocery,392.1,3,3/28/2025,1176.3
108,Australia,Beauty,355.83,1,9/27/2025,355.83
109,Canada,Beauty,22.9,7,8/13/2025,160.3
110,India,Electronics,155.05,1,1/18/2025,155.05
111,USA,Home Decor,135.24,2,4/23/2025,270.48
112,India,Electronics,183.27,4,9/8/2025,733.08
113,UAE,Fashion,48.38,4,8/21/2025,193.52
114,India,Electronics,468.79,5,10/6/2025,2343.95
115,USA,Sports,279.13,2,7/21/2025,558.26
116,UAE,Electronics,156.23,4,3/24/2025,624.92
117,Brazil,Sports,201.51,1,5/5/2025,201.51
118,Germany,Grocery,226.37,2,6/24/2025,452.74
119,Germany,Toys,302.29,1,3/10/2025,302.29
120,China,Books,260.26,4,2/16/2025,1041.04
121,Brazil,Books,460.1,4,9/13/2025,1840.4
122,Brazil,Beauty,251,7,8/3/2025,1757
123,India,Books,496.12,9,1/30/2025,4465.08
124,Germany,Sports,426.46,9,10/8/2025,3838.14
125,USA,Home Decor,108.21,5,8/25/2025,541.05
126,Pakistan,Electronics,465.64,1,9/5/2025,465.64
127,Pakistan,Sports,62.6,1,1/25/2025,62.6
128,UAE,Home Decor,409.64,6,3/15/2025,2457.84
129,Germany,Toys,193.41,2,7/25/2025,386.82
130,Germany,Books,439.6,8,4/4/2025,3516.8
131,Pakistan,Toys,434.69,9,5/7/2025,3912.21
132,Germany,Books,403.93,4,1/25/2025,1615.72
133,India,Electronics,396.07,5,4/26/2025,1980.35
134,Canada,Fashion,155.82,8,2/17/2025,1246.56
135,UK,Electronics,45.06,3,8/14/2025,135.18
136,Brazil,Grocery,204.48,5,9/23/2025,1022.4
137,China,Sports,90.89,3,4/9/2025,272.67
138,UAE,Beauty,349,3,1/11/2025,1047
139,Canada,Fashion,176.32,3,3/26/2025,528.96
140,Pakistan,Electronics,487.93,7,8/2/2025,3415.51
141,Brazil,Home Decor,322.28,7,6/22/2025,2255.96
142,Germany,Fashion,412.13,7,7/28/2025,2884.91
143,China,Sports,70.6,8,3/5/2025,564.8
144,Germany,Books,431.7,5,9/15/2025,2158.5
145,USA,Fashion,461.76,5,5/1/2025,2308.8
146,USA,Books,246.1,4,10/25/2025,984.4
147,China,Sports,305.1,7,2/23/2025,2135.7
148,China,Electronics,383.58,4,9/29/2025,1534.32
149,Pakistan,Sports,91.55,2,8/29/2025,183.1
150,China,Fashion,253.77,4,8/31/2025,1015.08
151,India,Home Decor,202.34,8,1/18/2025,1618.72
152,Germany,Toys,77.46,9,7/6/2025,697.14
153,Canada,Fashion,186.93,3,5/24/2025,560.79
154,Australia,Sports,38.75,7,9/19/2025,271.25
155,China,Toys,17.78,9,8/27/2025,160.02
156,UAE,Sports,71.91,4,10/31/2025,287.64
157,USA,Home Decor,481.74,3,10/25/2025,1445.22
158,India,Sports,277.02,5,3/17/2025,1385.1
159,Brazil,Electronics,483.08,1,7/7/2025,483.08
160,Australia,Beauty,219.09,3,9/3/2025,657.27
161,Canada,Books,159.35,8,5/10/2025,1274.8
162,Australia,Books,255.54,8,10/10/2025,2044.32
163,China,Fashion,222.56,4,3/20/2025,890.24
164,Pakistan,Beauty,57.3,2,3/13/2025,114.6
165,USA,Sports,322.21,8,9/20/2025,2577.68
166,USA,Home Decor,111.94,8,7/10/2025,895.52
167,Brazil,Fashion,311.7,4,3/4/2025,1246.8
168,Pakistan,Sports,326.85,3,1/12/2025,980.55
169,Germany,Toys,80.25,2,5/21/2025,160.5
170,UK,Grocery,35.37,9,9/11/2025,318.33
171,India,Sports,391.48,1,2/12/2025,391.48
172,USA,Beauty,232.6,7,1/17/2025,1628.2
173,UAE,Fashion,33.79,5,3/4/2025,168.95
174,USA,Beauty,497.46,8,9/10/2025,3979.68
175,Australia,Fashion,33.6,4,10/19/2025,134.4
176,USA,Sports,349.04,7,1/8/2025,2443.28
177,USA,Electronics,491.92,5,3/31/2025,2459.6
178,UK,Toys,123.39,5,7/27/2025,616.95
179,UK,Sports,75.41,9,10/19/2025,678.69
180,Canada,Books,65.09,9,10/11/2025,585.81
181,Germany,Beauty,155.12,9,4/28/2025,1396.08
182,UAE,Grocery,55.02,6,6/24/2025,330.12
183,USA,Grocery,347.62,6,3/17/2025,2085.72
184,USA,Home Decor,35.83,5,4/11/2025,179.15
185,India,Fashion,257.16,9,5/31/2025,2314.44
186,UK,Beauty,498.36,8,9/27/2025,3986.88
187,UAE,Home Decor,407.92,7,3/12/2025,2855.44
188,Brazil,Beauty,309.53,7,6/29/2025,2166.71
189,Canada,Books,156.6,6,5/4/2025,939.6
190,Germany,Fashion,313.83,5,10/20/2025,1569.15
191,Pakistan,Sports,265.89,4,10/12/2025,1063.56
192,Germany,Sports,215.91,3,7/14/2025,647.73
193,Australia,Grocery,69.7,3,8/16/2025,209.1
194,USA,Sports,443.87,6,10/2/2025,2663.22
195,Canada,Sports,227.64,4,4/16/2025,910.56
196,Australia,Books,101.34,6,1/21/2025,608.04
197,UAE,Electronics,187.04,3,3/5/2025,561.12
198,Pakistan,Grocery,209.99,4,6/14/2025,839.96
199,UK,Home Decor,414.63,9,1/27/2025,3731.67
200,Canada,Toys,368.14,5,10/12/2025,1840.7
201,Canada,Electronics,385.81,7,5/28/2025,2700.67
202,USA,Home Decor,10.46,2,10/8/2025,20.92
203,China,Fashion,211,5,6/13/2025,1055
204,Canada,Electronics,243.27,9,8/12/2025,2189.43
205,India,Books,14.5,3,9/29/2025,43.5
206,Pakistan,Home Decor,133.61,9,5/26/2025,1202.49
207,Pakistan,Fashion,381.34,6,1/30/2025,2288.04
208,India,Grocery,72.87,4,2/14/2025,291.48
209,Brazil,Toys,269.98,7,10/2/2025,1889.86
210,India,Fashion,111.52,8,2/3/2025,892.16
211,India,Sports,11,6,5/21/2025,66
212,Pakistan,Beauty,124.39,5,8/9/2025,621.95
213,Germany,Fashion,488.06,6,1/22/2025,2928.36
214,Pakistan,Fashion,401.76,5,6/29/2025,2008.8
215,China,Toys,479.99,8,8/19/2025,3839.92
216,USA,Beauty,246.49,1,2/7/2025,246.49
217,Australia,Sports,59.32,7,3/11/2025,415.24
218,Germany,Home Decor,276.24,2,4/26/2025,552.48
219,UK,Home Decor,229.92,9,8/27/2025,2069.28
220,Australia,Fashion,422.96,1,5/28/2025,422.96
221,USA,Books,53.55,6,1/9/2025,321.3
222,China,Books,246.68,9,10/15/2025,2220.12
223,China,Beauty,79.27,1,2/19/2025,79.27
224,UK,Beauty,165.71,4,1/5/2025,662.84
225,Germany,Sports,369.99,4,5/6/2025,1479.96
226,Brazil,Toys,240.63,9,3/16/2025,2165.67
227,India,Grocery,191.06,5,6/14/2025,955.3
228,Germany,Home Decor,200.27,5,10/5/2025,1001.35
229,Brazil,Toys,232.43,6,10/27/2025,1394.58
230,China,Electronics,393.58,1,10/17/2025,393.58
231,Pakistan,Home Decor,446.58,1,3/18/2025,446.58
232,USA,Toys,477.89,9,10/25/2025,4301.01
233,UK,Home Decor,394.52,3,5/17/2025,1183.56
234,USA,Grocery,161.13,4,4/16/2025,644.52
235,UAE,Electronics,345.63,1,4/5/2025,345.63
236,UAE,Books,221.61,9,5/15/2025,1994.49
237,Germany,Books,131.06,8,3/9/2025,1048.48
238,China,Grocery,421.23,2,5/27/2025,842.46
239,China,Sports,24.02,8,6/8/2025,192.16
240,India,Electronics,451.37,7,6/12/2025,3159.59
241,India,Fashion,233.43,6,7/8/2025,1400.58
242,India,Toys,320.41,1,4/5/2025,320.41
243,Pakistan,Electronics,331.38,7,6/30/2025,2319.66
244,Australia,Sports,448.08,7,10/15/2025,3136.56
245,Canada,Sports,320.15,9,7/6/2025,2881.35
246,Australia,Grocery,308.9,1,5/18/2025,308.9
247,USA,Home Decor,37.99,2,5/10/2025,75.98
248,Australia,Electronics,261.61,9,7/13/2025,2354.49
249,Pakistan,Toys,79.33,9,9/30/2025,713.97
250,USA,Electronics,370.03,6,5/24/2025,2220.18
251,Australia,Beauty,258.55,6,1/16/2025,1551.3
252,Pakistan,Home Decor,341.71,4,10/29/2025,1366.84
253,Canada,Toys,25.63,4,9/2/2025,102.52
254,Australia,Books,46.97,5,4/17/2025,234.85
255,Pakistan,Toys,359.58,3,3/29/2025,1078.74
256,India,Fashion,40.68,1,5/9/2025,40.68
257,China,Grocery,40.27,1,1/4/2025,40.27
258,India,Fashion,10.99,7,4/5/2025,76.93
259,China,Toys,478.47,1,7/28/2025,478.47
260,UK,Home Decor,370.07,1,8/13/2025,370.07
261,UK,Electronics,179.86,3,2/16/2025,539.58
262,UK,Books,151.79,4,6/30/2025,607.16
263,Canada,Electronics,178.1,4,4/16/2025,712.4
264,India,Home Decor,388.45,2,7/18/2025,776.9
265,China,Toys,332.38,1,4/16/2025,332.38
266,Pakistan,Sports,96.67,3,10/7/2025,290.01
267,USA,Electronics,91.18,4,9/17/2025,364.72
268,Pakistan,Sports,53.71,3,4/18/2025,161.13
269,USA,Electronics,331.85,8,1/19/2025,2654.8
270,UAE,Electronics,383.36,1,10/23/2025,383.36
271,Pakistan,Books,136.2,2,6/20/2025,272.4
272,Australia,Grocery,15.37,7,7/14/2025,107.59
273,Australia,Grocery,45.67,4,1/12/2025,182.68
274,Germany,Beauty,484.09,8,7/14/2025,3872.72
275,India,Fashion,151.25,3,10/10/2025,453.75
276,USA,Home Decor,385.77,6,7/1/2025,2314.62
277,USA,Home Decor,314.21,9,11/1/2025,2827.89
278,India,Home Decor,194.06,1,5/24/2025,194.06
279,Canada,Beauty,106.82,1,7/1/2025,106.82
280,Germany,Grocery,65.09,8,1/30/2025,520.72
281,Canada,Toys,309.43,3,3/25/2025,928.29
282,Canada,Sports,388.44,5,6/15/2025,1942.2
283,Canada,Books,323.73,1,10/11/2025,323.73
284,India,Sports,267.5,5,10/8/2025,1337.5
285,Canada,Toys,25.77,6,4/6/2025,154.62
286,Australia,Books,484.4,8,9/23/2025,3875.2
287,UK,Beauty,400.36,3,10/25/2025,1201.08
288,UAE,Toys,149.95,3,10/23/2025,449.85
289,USA,Home Decor,490.09,9,8/13/2025,4410.81
290,USA,Fashion,302.93,4,2/11/2025,1211.72
291,UAE,Electronics,293.3,4,10/30/2025,1173.2
292,India,Sports,375.3,7,9/3/2025,2627.1
293,Pakistan,Grocery,406.83,2,7/27/2025,813.66
294,India,Grocery,329.96,8,8/25/2025,2639.68
295,USA,Beauty,68.41,6,1/22/2025,410.46
296,USA,Books,172.44,3,7/4/2025,517.32
297,UAE,Grocery,464.4,9,8/30/2025,4179.6
298,Canada,Home Decor,116.18,5,10/10/2025,580.9
299,India,Sports,189.22,8,2/10/2025,1513.76
300,China,Toys,218.88,7,6/11/2025,1532.16
301,UAE,Home Decor,222.51,8,6/9/2025,1780.08
302,Australia,Beauty,308.41,7,3/30/2025,2158.87
303,USA,Home Decor,471.82,3,1/12/2025,1415.46
304,UAE,Toys,124.14,2,3/14/2025,248.28
305,India,Fashion,65.14,7,3/17/2025,455.98
306,USA,Beauty,102.75,3,7/20/2025,308.25
307,Pakistan,Fashion,444.03,3,1/10/2025,1332.09
308,UAE,Electronics,324.68,2,8/14/2025,649.36
309,Germany,Fashion,146.52,4,6/25/2025,586.08
310,USA,Electronics,408.89,8,10/3/2025,3271.12
311,India,Electronics,431.38,1,2/8/2025,431.38
312,UK,Fashion,424.02,1,3/1/2025,424.02
313,China,Beauty,459.87,5,3/7/2025,2299.35
314,Brazil,Books,129.86,5,5/4/2025,649.3
315,Canada,Toys,378.75,1,6/13/2025,378.75
316,Brazil,Home Decor,232.97,6,6/8/2025,1397.82
317,India,Home Decor,421.79,1,2/26/2025,421.79
318,Australia,Toys,365.6,5,3/19/2025,1828
319,Australia,Sports,389.34,9,7/13/2025,3504.06
320,UK,Sports,329.8,5,10/12/2025,1649
321,Canada,Electronics,92.83,6,1/15/2025,556.98
322,Germany,Electronics,274.79,8,1/12/2025,2198.32
323,UK,Beauty,492.41,1,4/11/2025,492.41
324,Brazil,Grocery,469.01,2,6/5/2025,938.02
325,UK,Fashion,26.37,9,5/5/2025,237.33
326,Brazil,Electronics,86.58,3,10/7/2025,259.74
327,USA,Home Decor,70.21,6,4/20/2025,421.26
328,Australia,Beauty,364.36,5,5/26/2025,1821.8
329,USA,Fashion,409.8,2,8/4/2025,819.6
330,China,Beauty,110.69,7,6/11/2025,774.83
331,Canada,Fashion,255.4,4,5/8/2025,1021.6
332,Germany,Fashion,421.15,1,5/30/2025,421.15
333,Brazil,Toys,367.74,4,2/5/2025,1470.96
334,Germany,Electronics,273.41,6,6/22/2025,1640.46
335,Brazil,Books,297.22,7,1/22/2025,2080.54
336,India,Beauty,256.64,7,7/25/2025,1796.48
337,UK,Books,152.29,7,5/7/2025,1066.03
338,China,Beauty,284.69,3,8/5/2025,854.07
339,Australia,Toys,346,6,4/6/2025,2076
340,Brazil,Home Decor,437.29,8,6/13/2025,3498.32
341,Germany,Books,319.96,4,5/28/2025,1279.84
342,China,Home Decor,381.76,8,1/18/2025,3054.08
343,Pakistan,Sports,84.24,2,10/21/2025,168.48
344,Pakistan,Electronics,233.47,9,7/14/2025,2101.23
345,USA,Electronics,9.62,9,5/31/2025,86.58
346,Australia,Grocery,127.11,8,5/3/2025,1016.88
347,India,Toys,364.6,1,7/6/2025,364.6
348,Germany,Home Decor,495.95,2,5/29/2025,991.9
349,UK,Fashion,54.09,6,4/14/2025,324.54
350,UK,Beauty,203.74,5,8/31/2025,1018.7
351,Germany,Electronics,401.04,9,8/19/2025,3609.36
352,Canada,Books,106,5,7/25/2025,530
353,India,Beauty,279.77,2,7/17/2025,559.54
354,China,Beauty,367.87,4,3/28/2025,1471.48
355,Brazil,Grocery,309.91,9,5/22/2025,2789.19
356,Canada,Home Decor,98.07,1,7/18/2025,98.07
357,Brazil,Electronics,180.92,1,2/15/2025,180.92
358,Brazil,Beauty,392.98,7,10/15/2025,2750.86
359,Canada,Electronics,279.34,3,1/15/2025,838.02
360,USA,Fashion,7.59,2,2/13/2025,15.18
361,Pakistan,Grocery,381.69,9,6/18/2025,3435.21
362,Brazil,Fashion,22.48,3,2/13/2025,67.44
363,Canada,Electronics,374.14,2,4/8/2025,748.28
364,Canada,Sports,105.23,8,9/18/2025,841.84
365,UAE,Books,479.25,6,4/19/2025,2875.5
366,USA,Electronics,187.13,6,10/10/2025,1122.78
367,Australia,Home Decor,166.83,7,4/14/2025,1167.81
368,UAE,Beauty,78.7,7,9/13/2025,550.9
369,UAE,Beauty,156.27,6,7/25/2025,937.62
370,Germany,Fashion,438.94,4,2/12/2025,1755.76
371,Pakistan,Books,498.19,9,9/2/2025,4483.71
372,Canada,Grocery,187.31,6,10/14/2025,1123.86
373,Pakistan,Sports,227.06,4,9/30/2025,908.24
374,India,Toys,362.43,3,3/24/2025,1087.29
375,Germany,Books,443.67,4,4/20/2025,1774.68
376,Australia,Beauty,298.56,3,7/9/2025,895.68
377,Pakistan,Home Decor,198.81,2,10/15/2025,397.62
378,UK,Books,209.25,5,9/8/2025,1046.25
379,Brazil,Fashion,349.33,2,7/31/2025,698.66
380,India,Fashion,6.59,6,10/18/2025,39.54
381,USA,Toys,311.7,3,5/13/2025,935.1
382,Australia,Home Decor,180.97,6,7/20/2025,1085.82
383,India,Grocery,398.13,9,10/12/2025,3583.17
384,Brazil,Books,51.03,1,4/5/2025,51.03
385,Germany,Home Decor,296.16,6,10/5/2025,1776.96
386,Brazil,Grocery,243.08,9,8/7/2025,2187.72
387,UAE,Home Decor,322.95,4,3/30/2025,1291.8
388,Brazil,Home Decor,37.1,2,3/13/2025,74.2
389,UAE,Electronics,292.09,4,9/4/2025,1168.36
390,Germany,Fashion,282.93,1,5/9/2025,282.93
391,China,Books,282.53,3,7/31/2025,847.59
392,UAE,Home Decor,303.73,9,4/6/2025,2733.57
393,USA,Books,339.85,5,3/16/2025,1699.25
394,Brazil,Toys,403.47,6,2/23/2025,2420.82
395,Brazil,Home Decor,138.56,3,2/23/2025,415.68
396,USA,Beauty,413.4,5,8/6/2025,2067
397,UK,Fashion,251.64,8,1/16/2025,2013.12
398,Canada,Beauty,43.14,6,4/9/2025,258.84
399,China,Books,33.98,4,1/20/2025,135.92
400,Australia,Books,170.45,2,2/15/2025,340.9
401,UAE,Fashion,393.52,9,7/12/2025,3541.68
402,USA,Books,355.3,1,2/27/2025,355.3
403,Germany,Beauty,395.36,1,4/21/2025,395.36
404,UAE,Home Decor,261.05,4,5/9/2025,1044.2
405,Canada,Home Decor,222.9,7,7/13/2025,1560.3
406,Germany,Electronics,77.99,1,1/8/2025,77.99
407,India,Toys,167.46,9,1/29/2025,1507.14
408,Brazil,Books,219.84,4,4/22/2025,879.36
409,India,Beauty,48.86,3,6/10/2025,146.58
410,UAE,Books,114.2,1,5/11/2025,114.2
411,Canada,Books,301.12,4,7/7/2025,1204.48
412,China,Grocery,369.15,9,6/12/2025,3322.35
413,UAE,Electronics,499.18,6,7/16/2025,2995.08
414,USA,Beauty,466.89,6,7/23/2025,2801.34
415,Pakistan,Beauty,323.07,1,7/31/2025,323.07
416,UAE,Books,213.52,2,4/19/2025,427.04
417,Brazil,Electronics,319.91,6,10/3/2025,1919.46
418,Brazil,Home Decor,393.9,2,3/14/2025,787.8
419,UAE,Beauty,63.58,3,6/16/2025,190.74
420,Germany,Home Decor,207.9,4,9/17/2025,831.6
421,Pakistan,Electronics,420.7,5,8/31/2025,2103.5
422,USA,Home Decor,195,9,10/2/2025,1755
423,UAE,Fashion,288.08,4,4/12/2025,1152.32
424,Germany,Grocery,295.95,9,6/22/2025,2663.55
425,Brazil,Sports,96.32,3,6/20/2025,288.96
426,Brazil,Beauty,184.31,8,5/21/2025,1474.48
427,Canada,Toys,170.58,1,7/7/2025,170.58
428,UAE,Grocery,17.97,9,3/27/2025,161.73
429,Pakistan,Sports,16.97,9,2/21/2025,152.73
430,UK,Home Decor,416.69,2,4/21/2025,833.38
431,Pakistan,Beauty,140.17,4,2/12/2025,560.68
432,Brazil,Home Decor,261.45,8,7/30/2025,2091.6
433,Brazil,Fashion,152.87,7,7/19/2025,1070.09
434,India,Electronics,470.64,1,10/25/2025,470.64
435,Brazil,Beauty,133.35,5,8/28/2025,666.75
436,USA,Sports,217.68,7,4/25/2025,1523.76
437,Australia,Sports,437,4,1/26/2025,1748
438,UAE,Fashion,421.76,1,10/26/2025,421.76
439,Pakistan,Fashion,97.12,9,3/18/2025,874.08
440,Australia,Books,402.31,5,5/17/2025,2011.55
441,Germany,Beauty,231.8,2,1/20/2025,463.6
442,UK,Home Decor,244.07,8,7/30/2025,1952.56
443,USA,Toys,71.07,2,8/28/2025,142.14
444,Pakistan,Sports,44.9,3,2/8/2025,134.7
445,Australia,Sports,365.33,1,9/25/2025,365.33
446,UK,Fashion,250.75,2,7/26/2025,501.5
447,India,Grocery,221.24,7,9/24/2025,1548.68
448,USA,Fashion,366.11,2,6/3/2025,732.22
449,USA,Toys,383.93,6,2/11/2025,2303.58
450,India,Home Decor,83.66,3,1/11/2025,250.98
451,UAE,Home Decor,307.06,4,10/21/2025,1228.24
452,India,Grocery,72,8,4/8/2025,576
453,USA,Sports,376.93,3,10/2/2025,1130.79
454,USA,Fashion,330.19,6,8/18/2025,1981.14
455,Australia,Books,478.52,1,8/8/2025,478.52
456,Brazil,Home Decor,39.13,7,3/6/2025,273.91
457,UK,Toys,33.24,8,8/20/2025,265.92
458,India,Beauty,144.68,8,2/21/2025,1157.44
459,UK,Electronics,134.54,3,9/20/2025,403.62
460,India,Electronics,127.25,1,9/24/2025,127.25
461,Germany,Electronics,453.6,9,6/3/2025,4082.4
462,USA,Books,128.53,6,5/20/2025,771.18
463,Brazil,Sports,139.62,9,2/20/2025,1256.58
464,Australia,Fashion,380.9,7,4/27/2025,2666.3
465,Brazil,Grocery,227.62,1,2/15/2025,227.62
466,Brazil,Books,389.47,1,3/29/2025,389.47
467,Brazil,Books,37.36,6,7/27/2025,224.16
468,UK,Home Decor,246.35,5,9/26/2025,1231.75
469,India,Beauty,21.64,9,3/30/2025,194.76
470,China,Books,36.01,2,4/28/2025,72.02
471,Germany,Toys,453.69,8,2/23/2025,3629.52
472,Pakistan,Beauty,73.93,5,4/26/2025,369.65
473,Brazil,Toys,268.55,2,4/28/2025,537.1
474,UAE,Sports,208.49,6,9/17/2025,1250.94
475,UK,Fashion,176.93,8,3/16/2025,1415.44
476,Australia,Electronics,450.42,4,11/1/2025,1801.68
477,Pakistan,Books,15.8,2,1/7/2025,31.6
478,China,Fashion,333.58,5,5/2/2025,1667.9
479,UAE,Sports,481.88,2,1/11/2025,963.76
480,China,Grocery,282.28,2,8/3/2025,564.56
481,Pakistan,Grocery,468.73,6,10/6/2025,2812.38
482,Brazil,Sports,30.87,9,1/28/2025,277.83
483,UAE,Toys,212.3,4,8/23/2025,849.2
484,China,Home Decor,133.78,6,1/26/2025,802.68
485,Australia,Home Decor,366.76,7,2/23/2025,2567.32
486,India,Toys,490.74,6,1/29/2025,2944.44
487,USA,Grocery,131.98,8,6/13/2025,1055.84
488,India,Grocery,328.82,4,9/27/2025,1315.28
489,Pakistan,Books,103.06,1,2/4/2025,103.06
490,UK,Grocery,284.84,7,10/13/2025,1993.88
491,USA,Fashion,234.65,3,9/30/2025,703.95
492,Germany,Grocery,486.14,6,7/27/2025,2916.84
493,Australia,Beauty,306.22,2,8/26/2025,612.44
494,Germany,Books,178.01,9,4/3/2025,1602.09
495,UAE,Electronics,61.48,1,6/22/2025,61.48
496,USA,Grocery,79.87,6,3/20/2025,479.22
497,Germany,Toys,116.53,6,4/20/2025,699.18
498,Germany,Electronics,129.23,5,8/5/2025,646.15
499,China,Fashion,426.05,5,4/16/2025,2130.25
500,India,Toys,282.81,1,2/16/2025,282.81
501,China,Electronics,264.08,5,6/30/2025,1320.4
502,USA,Toys,61.81,2,3/5/2025,123.62
503,USA,Fashion,430.77,7,9/3/2025,3015.39
504,Pakistan,Books,362.79,3,9/1/2025,1088.37
505,China,Beauty,38.5,4,3/28/2025,154
506,Canada,Fashion,355.38,3,8/5/2025,1066.14
507,India,Fashion,274.05,3,1/7/2025,822.15
508,USA,Toys,45.45,4,10/5/2025,181.8
509,Pakistan,Books,231.86,5,7/29/2025,1159.3
510,China,Sports,244.92,1,6/18/2025,244.92
511,India,Home Decor,87.06,4,5/18/2025,348.24
512,China,Grocery,473.12,8,8/18/2025,3784.96
513,Germany,Grocery,425.74,7,6/10/2025,2980.18
514,Pakistan,Beauty,336.17,9,1/1/2025,3025.53
515,India,Beauty,233.84,5,8/24/2025,1169.2
516,Brazil,Grocery,208.82,4,7/7/2025,835.28
517,UAE,Home Decor,327.23,8,1/4/2025,2617.84
518,UAE,Grocery,274.99,9,5/12/2025,2474.91
519,India,Sports,35.83,7,8/6/2025,250.81
520,China,Home Decor,258.69,7,9/17/2025,1810.83
521,Pakistan,Beauty,404.17,5,1/1/2025,2020.85
522,UAE,Electronics,232.32,4,3/12/2025,929.28
523,Pakistan,Toys,30.72,1,6/27/2025,30.72
524,UAE,Sports,394.21,7,7/8/2025,2759.47
525,Germany,Sports,104.68,1,10/18/2025,104.68
526,China,Books,133.02,1,1/8/2025,133.02
527,Germany,Beauty,86.53,5,9/10/2025,432.65
528,UAE,Beauty,168.46,9,10/19/2025,1516.14
529,Brazil,Fashion,379.59,6,9/1/2025,2277.54
530,Brazil,Sports,262.1,3,5/3/2025,786.3
531,Germany,Fashion,106.42,3,10/26/2025,319.26
532,Brazil,Fashion,439.53,7,10/10/2025,3076.71
533,UAE,Toys,440.39,6,2/1/2025,2642.34
534,India,Fashion,435.94,9,5/26/2025,3923.46
535,Germany,Home Decor,123.2,6,6/5/2025,739.2
536,UK,Grocery,228.36,5,1/16/2025,1141.8
537,China,Electronics,492.57,7,2/16/2025,3447.99
538,Brazil,Beauty,387.15,1,9/8/2025,387.15
539,Brazil,Home Decor,18.45,7,7/6/2025,129.15
540,USA,Electronics,37.28,3,1/31/2025,111.84
541,Canada,Sports,234.65,9,9/17/2025,2111.85
542,Germany,Sports,455.06,6,1/17/2025,2730.36
543,Australia,Sports,271.66,9,2/8/2025,2444.94
544,Brazil,Home Decor,251.42,5,10/31/2025,1257.1
545,China,Home Decor,57.21,7,2/8/2025,400.47
546,UK,Beauty,330.11,4,5/12/2025,1320.44
547,Brazil,Grocery,411.94,7,1/30/2025,2883.58
548,UK,Books,193.31,1,6/7/2025,193.31
549,UAE,Fashion,388.93,7,10/5/2025,2722.51
550,UAE,Sports,482.42,8,7/22/2025,3859.36
551,Canada,Toys,105.86,5,3/7/2025,529.3
552,India,Grocery,264.05,2,4/18/2025,528.1
553,Australia,Toys,147.13,5,9/25/2025,735.65
554,USA,Beauty,397.46,6,8/10/2025,2384.76
555,Canada,Beauty,290.91,2,10/19/2025,581.82
556,Pakistan,Beauty,319.12,6,1/18/2025,1914.72
557,USA,Electronics,399.97,6,3/31/2025,2399.82
558,Germany,Toys,201.01,1,6/30/2025,201.01
559,China,Grocery,457.97,1,9/12/2025,457.97
560,Pakistan,Books,268.85,3,9/10/2025,806.55
561,Pakistan,Grocery,83.19,3,9/14/2025,249.57
562,Canada,Home Decor,349.47,4,3/28/2025,1397.88
563,India,Home Decor,397.66,2,3/31/2025,795.32
564,Canada,Sports,161.8,9,8/25/2025,1456.2
565,Germany,Books,429.3,7,3/11/2025,3005.1
566,Brazil,Home Decor,453.54,7,2/13/2025,3174.78
567,Brazil,Beauty,142.07,6,7/19/2025,852.42
568,India,Grocery,491.84,3,6/1/2025,1475.52
569,Germany,Toys,74.65,6,3/27/2025,447.9
570,India,Beauty,105,8,1/19/2025,840
571,UK,Electronics,96.19,8,4/11/2025,769.52
572,Brazil,Home Decor,447.52,9,4/5/2025,4027.68
573,Pakistan,Beauty,328.87,1,9/11/2025,328.87
574,Australia,Beauty,80.29,1,1/30/2025,80.29
575,China,Electronics,222.96,3,9/6/2025,668.88
576,Germany,Fashion,309.57,3,2/2/2025,928.71
577,USA,Grocery,46.31,8,8/17/2025,370.48
578,India,Toys,441.8,1,1/12/2025,441.8
579,China,Sports,402.78,2,4/28/2025,805.56
580,USA,Fashion,255.08,2,6/4/2025,510.16
581,China,Home Decor,483.73,3,9/3/2025,1451.19
582,Australia,Beauty,211.79,6,9/4/2025,1270.74
583,USA,Books,492.13,1,1/29/2025,492.13
584,Canada,Electronics,335.62,2,6/10/2025,671.24
585,UAE,Electronics,319.16,1,8/23/2025,319.16
586,Canada,Books,87.15,5,7/9/2025,435.75
587,Brazil,Grocery,441.55,7,4/27/2025,3090.85
588,UAE,Fashion,216.61,8,9/28/2025,1732.88
589,Canada,Sports,85.31,1,9/15/2025,85.31
590,UAE,Grocery,11.24,7,6/29/2025,78.68
591,UAE,Books,282.08,5,6/21/2025,1410.4
592,Pakistan,Beauty,266.06,1,10/1/2025,266.06
593,India,Books,361.08,3,9/16/2025,1083.24
594,India,Grocery,445.68,7,5/15/2025,3119.76
595,Pakistan,Toys,44.31,1,6/20/2025,44.31
596,China,Electronics,367.09,7,7/29/2025,2569.63
597,UK,Electronics,97.77,5,8/24/2025,488.85
598,China,Home Decor,429.8,1,7/5/2025,429.8
599,USA,Home Decor,410.44,1,4/5/2025,410.44
600,USA,Books,272.69,1,1/11/2025,272.69
601,UAE,Sports,356.57,9,3/9/2025,3209.13
602,Canada,Beauty,160.6,3,7/29/2025,481.8
603,Canada,Toys,238.23,5,7/15/2025,1191.15
604,India,Fashion,411.71,9,4/8/2025,3705.39
605,Germany,Grocery,232.34,6,4/3/2025,1394.04
606,China,Sports,182.11,9,1/22/2025,1638.99
607,Brazil,Beauty,249.64,8,6/21/2025,1997.12
608,Australia,Home Decor,414.98,8,5/14/2025,3319.84
609,Canada,Books,170.93,1,1/25/2025,170.93
610,Australia,Grocery,91.01,9,7/4/2025,819.09
611,UAE,Home Decor,357.45,6,3/26/2025,2144.7
612,Australia,Books,413.86,9,2/24/2025,3724.74
613,Brazil,Grocery,54.82,3,9/8/2025,164.46
614,Pakistan,Fashion,123.74,3,5/24/2025,371.22
615,Brazil,Beauty,75.28,6,6/16/2025,451.68
616,Australia,Grocery,177.23,9,8/12/2025,1595.07
617,Brazil,Toys,227.92,7,8/8/2025,1595.44
618,UK,Sports,375.67,3,6/28/2025,1127.01
619,UAE,Electronics,327.32,3,4/29/2025,981.96
620,China,Toys,312.36,2,9/22/2025,624.72
621,Pakistan,Toys,179.43,9,5/30/2025,1614.87
622,Canada,Sports,421.52,3,8/3/2025,1264.56
623,USA,Electronics,238.29,5,7/16/2025,1191.45
624,China,Toys,489.66,9,2/11/2025,4406.94
625,USA,Grocery,318.9,8,2/22/2025,2551.2
626,UAE,Grocery,67.5,2,9/8/2025,135
627,Pakistan,Grocery,339.71,3,10/22/2025,1019.13
628,India,Electronics,165.93,2,9/28/2025,331.86
629,Canada,Toys,344.73,8,5/3/2025,2757.84
630,UK,Books,39.47,6,9/23/2025,236.82
631,India,Electronics,91.57,6,1/29/2025,549.42
632,UAE,Grocery,428.59,9,2/4/2025,3857.31
633,China,Sports,117.45,8,1/6/2025,939.6
634,UK,Toys,419.34,4,4/21/2025,1677.36
635,Brazil,Toys,143.24,4,10/21/2025,572.96
636,Australia,Home Decor,323.23,9,3/18/2025,2909.07
637,UK,Home Decor,348.6,1,5/27/2025,348.6
638,UAE,Fashion,258.76,2,3/8/2025,517.52
639,Germany,Books,156.13,2,1/8/2025,312.26
640,Australia,Books,110.26,6,5/2/2025,661.56
641,USA,Beauty,21.43,4,6/24/2025,85.72
642,Canada,Books,155.45,3,6/28/2025,466.35
643,USA,Home Decor,328.32,3,3/26/2025,984.96
644,UK,Electronics,469.46,3,2/14/2025,1408.38
645,USA,Books,436.25,6,5/16/2025,2617.5
646,UAE,Home Decor,384.2,8,1/16/2025,3073.6
647,Brazil,Fashion,395.28,7,7/14/2025,2766.96
648,China,Toys,334.17,4,1/9/2025,1336.68
649,Canada,Books,133.84,4,1/15/2025,535.36
650,USA,Fashion,454.06,2,4/12/2025,908.12
651,USA,Toys,337.01,1,8/14/2025,337.01
652,UK,Sports,282.42,9,10/5/2025,2541.78
653,China,Sports,59.94,2,4/23/2025,119.88
654,India,Toys,226.29,8,1/1/2025,1810.32
655,USA,Books,232.88,9,9/23/2025,2095.92
656,UAE,Beauty,432.96,4,7/27/2025,1731.84
657,Germany,Home Decor,275.59,8,4/20/2025,2204.72
658,Canada,Electronics,193.3,9,7/19/2025,1739.7
659,USA,Electronics,488.52,5,1/12/2025,2442.6
660,UAE,Grocery,59.81,7,7/7/2025,418.67
661,UAE,Toys,214.16,4,6/3/2025,856.64
662,Canada,Electronics,25.8,1,10/6/2025,25.8
663,India,Books,371.25,3,6/20/2025,1113.75
664,UAE,Beauty,459.45,5,5/14/2025,2297.25
665,Germany,Toys,143.62,3,1/25/2025,430.86
666,UAE,Beauty,429.88,7,1/18/2025,3009.16
667,UAE,Books,149.65,9,7/9/2025,1346.85
668,UAE,Electronics,455.83,6,5/21/2025,2734.98
669,Brazil,Electronics,378.21,1,2/12/2025,378.21
670,Brazil,Grocery,403.43,7,10/11/2025,2824.01
671,India,Electronics,13.91,3,5/26/2025,41.73
672,USA,Toys,481.59,5,4/2/2025,2407.95
673,UAE,Books,364.7,4,6/28/2025,1458.8
674,China,Sports,155.85,5,2/25/2025,779.25
675,USA,Books,415.55,5,6/4/2025,2077.75
676,India,Toys,144.35,6,6/9/2025,866.1
677,Pakistan,Toys,437.01,6,4/21/2025,2622.06
678,USA,Grocery,60.73,8,5/17/2025,485.84
679,USA,Grocery,353.32,8,8/20/2025,2826.56
680,Australia,Electronics,272.65,9,8/8/2025,2453.85
681,UK,Fashion,52.78,8,3/9/2025,422.24
682,Australia,Books,124.74,2,10/29/2025,249.48
683,Germany,Books,11.14,1,9/6/2025,11.14
684,Brazil,Fashion,237.04,2,1/6/2025,474.08
685,Brazil,Grocery,154.13,2,10/7/2025,308.26
686,UK,Electronics,301.19,3,4/4/2025,903.57
687,Canada,Fashion,152.13,7,9/26/2025,1064.91
688,Canada,Electronics,153.46,2,7/16/2025,306.92
689,India,Electronics,372.88,1,1/25/2025,372.88
690,UK,Electronics,28.83,6,5/28/2025,172.98
691,USA,Home Decor,451.93,9,4/28/2025,4067.37
692,Canada,Toys,426.87,3,3/7/2025,1280.61
693,UAE,Electronics,335.56,6,10/28/2025,2013.36
694,China,Home Decor,298.64,3,6/24/2025,895.92
695,USA,Grocery,446.69,1,3/17/2025,446.69
696,Germany,Fashion,96.74,5,4/24/2025,483.7
697,UAE,Toys,44.09,4,4/21/2025,176.36
698,UAE,Sports,123.56,7,9/6/2025,864.92
699,UK,Fashion,398.32,6,7/22/2025,2389.92
700,India,Toys,22.16,7,5/27/2025,155.12
701,Germany,Sports,293.49,5,2/4/2025,1467.45
702,Canada,Fashion,497.74,4,1/26/2025,1990.96
703,UK,Toys,428.57,7,8/26/2025,2999.99
704,Canada,Fashion,263.12,7,1/14/2025,1841.84
705,UK,Fashion,36.5,6,2/14/2025,219
706,UK,Sports,416.53,8,8/4/2025,3332.24
707,UK,Fashion,301.49,4,8/21/2025,1205.96
708,India,Fashion,61.89,5,7/12/2025,309.45
709,UK,Sports,51.46,4,2/20/2025,205.84
710,Pakistan,Grocery,455.27,1,8/2/2025,455.27
711,China,Electronics,336.25,8,5/31/2025,2690
712,Canada,Books,415.5,1,10/2/2025,415.5
713,USA,Beauty,440.09,5,3/17/2025,2200.45
714,Australia,Home Decor,288.03,6,8/8/2025,1728.18
715,Germany,Beauty,261.14,6,7/6/2025,1566.84
716,Brazil,Beauty,218.06,5,10/16/2025,1090.3
717,India,Toys,161.89,3,1/28/2025,485.67
718,USA,Electronics,220.13,5,6/29/2025,1100.65
719,UAE,Toys,388.07,8,9/10/2025,3104.56
720,Pakistan,Electronics,302.95,2,5/6/2025,605.9
721,Brazil,Sports,446.8,6,6/26/2025,2680.8
722,Australia,Sports,224.47,9,2/6/2025,2020.23
723,USA,Books,305.51,8,4/9/2025,2444.08
724,Brazil,Electronics,317.5,8,4/8/2025,2540
725,USA,Fashion,297.89,8,5/7/2025,2383.12
726,Pakistan,Grocery,352.8,7,6/17/2025,2469.6
727,Australia,Books,122.53,8,3/21/2025,980.24
728,UAE,Books,258.62,6,10/21/2025,1551.72
729,UK,Fashion,56.59,2,5/6/2025,113.18
730,Canada,Grocery,195.33,2,5/30/2025,390.66
731,UAE,Toys,246.4,8,1/16/2025,1971.2
732,UK,Grocery,327.85,1,1/28/2025,327.85
733,India,Toys,475.51,6,6/22/2025,2853.06
734,China,Sports,302.32,6,2/15/2025,1813.92
735,Germany,Beauty,373.08,4,8/24/2025,1492.32
736,Germany,Sports,255.6,3,8/2/2025,766.8
737,Canada,Sports,318.88,3,3/26/2025,956.64
738,Australia,Beauty,40.11,1,10/9/2025,40.11
739,Pakistan,Grocery,130.92,3,8/20/2025,392.76
740,Australia,Books,184.12,4,3/26/2025,736.48
741,Pakistan,Grocery,238.88,5,3/6/2025,1194.4
742,Australia,Toys,27.6,3,5/14/2025,82.8
743,China,Fashion,74.31,6,5/31/2025,445.86
744,India,Toys,142.02,5,4/25/2025,710.1
745,India,Fashion,485.91,3,3/5/2025,1457.73
746,UK,Sports,169.02,6,6/7/2025,1014.12
747,Brazil,Beauty,243.61,6,3/18/2025,1461.66
748,India,Sports,102.07,8,5/26/2025,816.56
749,India,Electronics,307.34,2,8/13/2025,614.68
750,UAE,Grocery,143.94,1,4/13/2025,143.94
751,UAE,Fashion,107.46,4,10/28/2025,429.84
752,UK,Toys,260.7,7,3/29/2025,1824.9
753,Brazil,Beauty,7.73,3,10/30/2025,23.19
754,Canada,Fashion,8.79,3,6/17/2025,26.37
755,UAE,Toys,113.44,5,6/19/2025,567.2
756,Canada,Grocery,23.18,5,5/15/2025,115.9
757,USA,Sports,58.47,3,2/19/2025,175.41
758,UAE,Grocery,172.74,9,5/14/2025,1554.66
759,China,Home Decor,402.28,4,5/17/2025,1609.12
760,Brazil,Electronics,288.16,3,9/2/2025,864.48
761,UK,Home Decor,258.77,2,4/19/2025,517.54
762,USA,Beauty,150.28,9,10/14/2025,1352.52
763,Brazil,Fashion,466.22,4,1/21/2025,1864.88
764,China,Beauty,201.52,3,3/31/2025,604.56
765,Brazil,Sports,48.11,7,10/23/2025,336.77
766,China,Toys,310.45,8,4/22/2025,2483.6
767,China,Grocery,61.35,2,10/28/2025,122.7
768,Canada,Home Decor,175.89,7,3/18/2025,1231.23
769,Australia,Books,256.17,5,6/26/2025,1280.85
770,USA,Home Decor,437.74,5,5/28/2025,2188.7
771,Brazil,Sports,249.31,3,4/11/2025,747.93
772,Pakistan,Home Decor,352.62,5,9/3/2025,1763.1
773,USA,Sports,496.44,2,4/27/2025,992.88
774,Australia,Books,70.09,4,4/2/2025,280.36
775,USA,Beauty,140.99,6,1/28/2025,845.94
776,India,Grocery,200.32,1,1/25/2025,200.32
777,Pakistan,Fashion,213.8,4,2/27/2025,855.2
778,Australia,Toys,208.46,6,10/24/2025,1250.76
779,Canada,Fashion,454.27,9,5/14/2025,4088.43
780,Brazil,Beauty,358.45,2,9/6/2025,716.9
781,Germany,Toys,305.91,7,2/7/2025,2141.37
782,Australia,Home Decor,158.14,6,3/16/2025,948.84
783,UK,Books,412.78,2,5/22/2025,825.56
784,Brazil,Books,477.75,8,6/17/2025,3822
785,Australia,Electronics,411.49,7,9/16/2025,2880.43
786,India,Beauty,5.77,5,8/13/2025,28.85
787,Germany,Beauty,320.02,5,6/1/2025,1600.1
788,India,Grocery,30.31,7,1/19/2025,212.17
789,Germany,Fashion,132.52,9,5/26/2025,1192.68
790,UK,Beauty,34.46,9,8/29/2025,310.14
791,Brazil,Beauty,303.88,9,8/25/2025,2734.92
792,Canada,Home Decor,344.86,6,2/4/2025,2069.16
793,India,Home Decor,61.67,6,7/9/2025,370.02
794,India,Toys,195,3,1/1/2025,585
795,China,Sports,230.84,1,6/2/2025,230.84
796,Germany,Sports,187.68,7,5/6/2025,1313.76
797,UAE,Electronics,64.91,4,8/14/2025,259.64
798,Brazil,Sports,212.38,1,8/9/2025,212.38
799,Germany,Grocery,376.83,8,7/30/2025,3014.64
800,China,Electronics,40.15,6,1/25/2025,240.9
801,USA,Toys,44.69,6,1/16/2025,268.14
802,Germany,Home Decor,180.61,2,7/1/2025,361.22
803,Canada,Sports,471.15,1,5/9/2025,471.15
804,Brazil,Fashion,335.94,2,2/11/2025,671.88
805,China,Home Decor,340.94,4,8/24/2025,1363.76
806,USA,Books,184.15,2,2/3/2025,368.3
807,Pakistan,Grocery,298.86,1,2/14/2025,298.86
808,China,Home Decor,10.01,7,5/14/2025,70.07
809,Pakistan,Grocery,319.87,8,1/21/2025,2558.96
810,Brazil,Grocery,457.08,6,5/2/2025,2742.48
811,India,Grocery,308.22,4,3/11/2025,1232.88
812,China,Toys,437.48,6,2/17/2025,2624.88
813,UK,Grocery,363.37,3,2/8/2025,1090.11
814,Pakistan,Grocery,64.68,8,10/14/2025,517.44
815,Canada,Books,451.71,2,1/10/2025,903.42
816,UK,Fashion,37.89,5,1/30/2025,189.45
817,Australia,Electronics,269.31,1,9/1/2025,269.31
818,Australia,Beauty,75.36,6,10/1/2025,452.16
819,USA,Books,10.79,2,3/29/2025,21.58
820,India,Electronics,213.91,4,9/1/2025,855.64
821,Brazil,Grocery,151.05,6,1/15/2025,906.3
822,China,Fashion,245.57,8,1/4/2025,1964.56
823,UAE,Home Decor,290.71,8,7/10/2025,2325.68
824,Canada,Fashion,26.65,6,6/17/2025,159.9
825,Pakistan,Books,65.89,4,1/9/2025,263.56
826,Brazil,Grocery,281.53,8,4/19/2025,2252.24
827,UK,Fashion,174.87,8,5/17/2025,1398.96
828,Australia,Sports,365.94,1,6/3/2025,365.94
829,Canada,Fashion,327.88,4,7/28/2025,1311.52
830,UAE,Grocery,423.57,4,9/29/2025,1694.28
831,China,Toys,347.78,7,5/23/2025,2434.46
832,USA,Sports,217.82,7,4/9/2025,1524.74
833,UAE,Fashion,338.12,8,3/10/2025,2704.96
834,Canada,Beauty,141.31,5,9/4/2025,706.55
835,UAE,Beauty,156.63,7,9/18/2025,1096.41
836,Canada,Fashion,395.55,8,10/3/2025,3164.4
837,Canada,Toys,225.98,9,3/20/2025,2033.82
838,Germany,Home Decor,400.2,3,5/26/2025,1200.6
839,Pakistan,Grocery,412.1,3,4/21/2025,1236.3
840,Australia,Beauty,429.49,4,9/15/2025,1717.96
841,Germany,Home Decor,458.73,5,4/3/2025,2293.65
842,China,Fashion,218.34,1,1/13/2025,218.34
843,Germany,Books,162.84,7,9/17/2025,1139.88
844,India,Home Decor,293.19,9,4/19/2025,2638.71
845,India,Sports,188.73,8,7/8/2025,1509.84
846,Australia,Electronics,302.53,5,4/5/2025,1512.65
847,UAE,Beauty,354.27,4,4/15/2025,1417.08
848,Pakistan,Fashion,345.76,7,1/8/2025,2420.32
849,Australia,Books,190.4,5,3/8/2025,952
850,Canada,Grocery,87.6,7,7/10/2025,613.2
851,UK,Books,218.11,1,9/13/2025,218.11
852,Pakistan,Toys,75.58,1,1/9/2025,75.58
853,Pakistan,Sports,445.6,3,4/27/2025,1336.8
854,Canada,Fashion,176.21,2,9/24/2025,352.42
855,Canada,Grocery,81.46,2,4/9/2025,162.92
856,USA,Toys,17.6,7,10/25/2025,123.2
857,Australia,Toys,324.68,2,6/13/2025,649.36
858,Canada,Fashion,320.27,4,5/21/2025,1281.08
859,India,Sports,173.6,2,9/25/2025,347.2
860,China,Home Decor,40.5,6,2/6/2025,243
861,UK,Home Decor,207.77,8,3/15/2025,1662.16
862,Australia,Toys,159.05,4,3/14/2025,636.2
863,Brazil,Home Decor,340.17,5,7/18/2025,1700.85
864,India,Electronics,304.86,4,5/10/2025,1219.44
865,UAE,Toys,185.47,3,9/3/2025,556.41
866,Canada,Toys,112.86,5,3/1/2025,564.3
867,Brazil,Grocery,494.08,9,10/6/2025,4446.72
868,Canada,Home Decor,229.73,8,4/13/2025,1837.84
869,Pakistan,Sports,345.7,8,10/23/2025,2765.6
870,India,Toys,74.57,8,5/31/2025,596.56
871,Pakistan,Books,245.37,8,6/6/2025,1962.96
872,USA,Sports,18.63,7,7/25/2025,130.41
873,Pakistan,Electronics,255.2,8,6/28/2025,2041.6
874,USA,Grocery,482.19,8,7/16/2025,3857.52
875,USA,Fashion,195.18,8,8/11/2025,1561.44
876,Brazil,Sports,24.3,7,3/30/2025,170.1
877,Canada,Toys,20.32,1,10/14/2025,20.32
878,UAE,Electronics,197.05,4,10/3/2025,788.2
879,Pakistan,Beauty,84.21,4,8/24/2025,336.84
880,India,Electronics,16.56,5,7/2/2025,82.8
881,USA,Electronics,379.33,6,7/28/2025,2275.98
882,Canada,Grocery,231.97,4,5/10/2025,927.88
883,UK,Fashion,148.18,2,6/2/2025,296.36
884,Australia,Beauty,450.54,6,1/13/2025,2703.24
885,Brazil,Home Decor,62.49,8,5/2/2025,499.92
886,UAE,Home Decor,478.18,8,8/8/2025,3825.44
887,Germany,Sports,160.41,7,4/16/2025,1122.87
888,Brazil,Electronics,444.76,6,3/11/2025,2668.56
889,UK,Books,303.46,2,7/14/2025,606.92
890,Australia,Grocery,414.22,7,7/5/2025,2899.54
891,UK,Books,492.09,5,4/9/2025,2460.45
892,Pakistan,Grocery,147.76,6,3/23/2025,886.56
893,USA,Home Decor,480.76,8,3/16/2025,3846.08
894,UAE,Sports,197.79,8,7/11/2025,1582.32
895,China,Sports,195.83,3,8/2/2025,587.49
896,USA,Sports,173.49,7,5/24/2025,1214.43
897,China,Beauty,273,1,8/4/2025,273
898,Australia,Fashion,81.3,1,1/15/2025,81.3
899,Canada,Beauty,279.09,7,8/5/2025,1953.63
900,Germany,Toys,273.14,9,2/4/2025,2458.26
901,India,Toys,382.14,7,7/2/2025,2674.98
902,USA,Books,417.66,5,9/27/2025,2088.3
903,UAE,Fashion,223.02,8,4/10/2025,1784.16
904,UK,Home Decor,154.65,2,1/7/2025,309.3
905,UAE,Fashion,133.37,9,1/30/2025,1200.33
906,Australia,Grocery,101.34,6,11/1/2025,608.04
907,China,Toys,33.54,9,5/24/2025,301.86
908,UK,Electronics,174.51,2,4/21/2025,349.02
909,India,Electronics,138.77,3,8/20/2025,416.31
910,India,Home Decor,483.38,8,6/28/2025,3867.04
911,USA,Grocery,281.07,1,3/13/2025,281.07
912,Australia,Books,176.9,7,7/29/2025,1238.3
913,Canada,Beauty,292.33,7,8/8/2025,2046.31
914,Australia,Grocery,73.9,1,3/21/2025,73.9
915,China,Electronics,224.8,9,3/24/2025,2023.2
916,UAE,Electronics,314.99,8,2/11/2025,2519.92
917,India,Books,247,4,9/30/2025,988
918,UAE,Toys,203.88,5,7/10/2025,1019.4
919,UAE,Grocery,496.95,2,6/22/2025,993.9
920,UAE,Grocery,440.76,9,1/7/2025,3966.84
921,India,Electronics,313.59,6,6/4/2025,1881.54
922,Brazil,Beauty,286.84,3,1/10/2025,860.52
923,Pakistan,Home Decor,312.23,7,2/3/2025,2185.61
924,China,Sports,104.65,9,2/5/2025,941.85
925,Brazil,Home Decor,200.59,3,1/6/2025,601.77
926,China,Grocery,24.53,2,8/3/2025,49.06
927,UK,Home Decor,240.4,7,5/14/2025,1682.8
928,Australia,Electronics,273.8,7,10/12/2025,1916.6
929,Australia,Electronics,117.74,4,5/6/2025,470.96
930,Germany,Books,482.19,9,6/23/2025,4339.71
931,Australia,Grocery,455.18,8,6/1/2025,3641.44
932,India,Books,362.46,1,1/26/2025,362.46
933,Canada,Grocery,269.03,1,4/25/2025,269.03
934,USA,Sports,435.63,5,10/11/2025,2178.15
935,Germany,Sports,69.67,6,3/16/2025,418.02
936,USA,Toys,396.3,3,6/15/2025,1188.9
937,China,Grocery,66.79,9,7/8/2025,601.11
938,USA,Beauty,398.13,6,3/19/2025,2388.78
939,USA,Home Decor,141.5,4,3/31/2025,566
940,Germany,Grocery,439.16,7,6/25/2025,3074.12
941,UK,Fashion,472.3,8,1/21/2025,3778.4
942,UAE,Toys,78.65,9,2/23/2025,707.85
943,Australia,Fashion,234.02,6,7/3/2025,1404.12
944,Australia,Electronics,490.59,6,8/10/2025,2943.54
945,India,Sports,244.29,8,6/28/2025,1954.32
946,Germany,Home Decor,432.46,5,10/3/2025,2162.3
947,India,Grocery,296.42,3,4/22/2025,889.26
948,Canada,Fashion,190.79,3,8/12/2025,572.37
949,Canada,Home Decor,146.46,6,8/2/2025,878.76
950,India,Electronics,105.6,2,2/28/2025,211.2
951,Germany,Sports,382.09,6,4/19/2025,2292.54
952,India,Beauty,196.34,6,6/6/2025,1178.04
953,Australia,Toys,258.08,8,7/10/2025,2064.64
954,Brazil,Home Decor,248.7,7,7/19/2025,1740.9
955,Pakistan,Home Decor,290.75,8,7/15/2025,2326
956,USA,Beauty,433.46,9,2/4/2025,3901.14
957,Pakistan,Home Decor,490.47,6,9/3/2025,2942.82
958,Germany,Electronics,206.75,3,8/25/2025,620.25
959,Pakistan,Electronics,414.62,3,4/14/2025,1243.86
960,Canada,Beauty,383.44,1,1/7/2025,383.44
961,China,Toys,288.9,5,10/10/2025,1444.5
962,USA,Grocery,478.24,4,1/1/2025,1912.96
963,UAE,Fashion,104.23,9,8/7/2025,938.07
964,Germany,Grocery,59.09,9,8/18/2025,531.81
965,USA,Home Decor,427.71,5,6/21/2025,2138.55
966,Pakistan,Fashion,222.38,4,3/28/2025,889.52
967,Canada,Books,424.25,7,2/10/2025,2969.75
968,UK,Beauty,447.08,6,5/3/2025,2682.48
969,Brazil,Beauty,35.92,4,10/25/2025,143.68
970,UAE,Toys,442.32,2,6/27/2025,884.64
971,Brazil,Fashion,226.92,1,3/4/2025,226.92
972,USA,Electronics,257.66,4,6/14/2025,1030.64
973,Canada,Fashion,315.16,4,7/6/2025,1260.64
974,Canada,Home Decor,463.56,1,7/28/2025,463.56
975,Pakistan,Electronics,14.46,6,8/15/2025,86.76
976,Australia,Sports,241.04,4,2/17/2025,964.16
977,Pakistan,Sports,345.42,1,8/12/2025,345.42
978,Australia,Books,362.74,1,1/3/2025,362.74
979,Australia,Sports,347.8,1,6/24/2025,347.8
980,UAE,Beauty,71.55,8,4/9/2025,572.4
981,Pakistan,Fashion,153.2,8,4/26/2025,1225.6
982,UK,Sports,182.56,2,9/27/2025,365.12
983,India,Grocery,403.2,7,9/10/2025,2822.4
984,India,Toys,142.99,8,4/5/2025,1143.92
985,Pakistan,Grocery,109.3,8,9/30/2025,874.4
986,Pakistan,Sports,478.94,7,1/24/2025,3352.58
987,Brazil,Books,9.39,5,4/26/2025,46.95
988,UAE,Toys,498.92,1,5/31/2025,498.92
989,Pakistan,Home Decor,340.03,9,2/19/2025,3060.27
990,Brazil,Grocery,415.09,7,7/25/2025,2905.63
991,Australia,Books,150.84,2,3/20/2025,301.68
992,Canada,Fashion,12.09,6,3/11/2025,72.54
993,Canada,Fashion,370.25,2,1/27/2025,740.5
994,Australia,Grocery,417.9,1,9/28/2025,417.9
995,Germany,Sports,371.54,7,2/19/2025,2600.78
996,Brazil,Books,75.71,2,10/19/2025,151.42
997,Brazil,Fashion,377.95,2,9/4/2025,755.9
998,Australia,Home Decor,385.62,5,9/21/2025,1928.1
999,UK,Electronics,330.98,5,3/20/2025,1654.9
1000,China,Sports,384.23,7,7/9/2025,2689.61
1001,USA,Books,423.73,1,2/16/2025,423.73
1002,Australia,Home Decor,308.73,8,7/8/2025,2469.84
1003,Pakistan,Books,48.86,3,9/13/2025,146.58
1004,Pakistan,Toys,246.38,4,8/10/2025,985.52
1005,UAE,Home Decor,43.44,9,8/29/2025,390.96
1006,Australia,Sports,206.73,4,9/26/2025,826.92
1007,UAE,Toys,206.52,5,1/1/2025,1032.6
1008,Australia,Sports,37.67,7,2/3/2025,263.69
1009,Brazil,Fashion,177.67,4,3/20/2025,710.68
1010,USA,Electronics,59.94,1,8/24/2025,59.94
1011,Brazil,Sports,405.08,9,4/8/2025,3645.72
1012,China,Sports,474.11,4,3/23/2025,1896.44
1013,Canada,Fashion,40.8,9,7/11/2025,367.2
1014,India,Beauty,477.78,6,9/10/2025,2866.68
1015,Australia,Fashion,263.68,1,2/7/2025,263.68
1016,China,Toys,153.29,3,1/14/2025,459.87
1017,Canada,Fashion,43.05,2,7/28/2025,86.1
1018,Germany,Fashion,252.81,9,3/30/2025,2275.29
1019,USA,Electronics,398.29,1,2/25/2025,398.29
1020,UAE,Fashion,355.01,9,4/4/2025,3195.09
1021,UAE,Books,29.86,9,4/3/2025,268.74
1022,Brazil,Sports,41.09,8,3/26/2025,328.72
1023,Pakistan,Books,204.42,8,9/2/2025,1635.36
1024,Canada,Electronics,151.17,1,1/22/2025,151.17
1025,Germany,Grocery,120.03,8,10/18/2025,960.24
1026,China,Beauty,144.1,3,9/29/2025,432.3
1027,USA,Books,402.72,7,5/2/2025,2819.04
1028,Canada,Electronics,464.97,1,5/8/2025,464.97
1029,Germany,Toys,205.53,1,4/23/2025,205.53
1030,India,Grocery,453.52,5,9/30/2025,2267.6
1031,Australia,Electronics,164.14,5,5/10/2025,820.7
1032,UAE,Electronics,240.84,8,5/12/2025,1926.72
1033,China,Beauty,116.88,7,3/26/2025,818.16
1034,UAE,Sports,322.04,8,3/22/2025,2576.32
1035,China,Books,489.6,6,3/10/2025,2937.6
1036,Brazil,Toys,303.73,6,5/28/2025,1822.38
1037,Pakistan,Home Decor,182.12,2,1/16/2025,364.24
1038,China,Books,325.67,6,4/15/2025,1954.02
1039,UAE,Home Decor,65.85,5,6/14/2025,329.25
1040,Brazil,Electronics,444.89,3,7/20/2025,1334.67
1041,China,Fashion,254.03,6,7/16/2025,1524.18
1042,India,Toys,227.43,8,7/4/2025,1819.44
1043,Pakistan,Grocery,295,9,9/22/2025,2655
1044,China,Fashion,314.27,1,4/10/2025,314.27
1045,Brazil,Fashion,40.53,3,8/2/2025,121.59
1046,Canada,Books,342.9,3,10/5/2025,1028.7
1047,UK,Toys,124.76,8,6/11/2025,998.08
1048,Germany,Sports,358.41,1,6/6/2025,358.41
1049,UK,Electronics,412.15,5,9/8/2025,2060.75
1050,UK,Electronics,402.96,3,4/7/2025,1208.88
1051,USA,Electronics,278.49,2,1/18/2025,556.98
1052,India,Electronics,262.48,8,4/7/2025,2099.84
1053,Canada,Books,75.72,3,1/1/2025,227.16
1054,Australia,Home Decor,388.8,7,8/4/2025,2721.6
1055,China,Electronics,139.35,1,5/12/2025,139.35
1056,Germany,Home Decor,250.86,6,9/17/2025,1505.16
1057,Pakistan,Home Decor,145.72,3,5/5/2025,437.16
1058,Canada,Sports,71.25,8,3/23/2025,570
1059,UAE,Electronics,316.63,6,10/10/2025,1899.78
1060,Australia,Beauty,31.89,2,6/20/2025,63.78
1061,USA,Grocery,375.58,6,2/28/2025,2253.48
1062,USA,Fashion,162.21,7,2/1/2025,1135.47
1063,Canada,Home Decor,5.07,5,6/10/2025,25.35
1064,Brazil,Toys,258.01,3,10/11/2025,774.03
1065,UK,Toys,28.19,4,4/16/2025,112.76
1066,UAE,Grocery,141.7,4,4/15/2025,566.8
1067,USA,Toys,354.95,6,8/16/2025,2129.7
1068,Germany,Beauty,36.03,1,7/7/2025,36.03
1069,USA,Toys,420.47,4,3/11/2025,1681.88
1070,Pakistan,Fashion,6.89,4,10/17/2025,27.56
1071,China,Fashion,127.18,1,3/28/2025,127.18
1072,USA,Home Decor,371.75,9,2/25/2025,3345.75
1073,Pakistan,Electronics,161.55,4,4/23/2025,646.2
1074,Canada,Sports,55.44,7,1/13/2025,388.08
1075,Canada,Beauty,183.32,3,1/18/2025,549.96
1076,Australia,Home Decor,138.84,3,7/1/2025,416.52
1077,USA,Beauty,422.14,8,4/23/2025,3377.12
1078,Germany,Electronics,160.11,8,8/17/2025,1280.88
1079,USA,Books,395.52,1,6/20/2025,395.52
1080,Germany,Toys,446.48,2,10/22/2025,892.96
1081,India,Toys,219.74,8,7/8/2025,1757.92
1082,Australia,Sports,455.42,1,3/20/2025,455.42
1083,India,Electronics,191.77,8,5/26/2025,1534.16
1084,USA,Home Decor,482.22,8,7/1/2025,3857.76
1085,Australia,Sports,49.2,2,10/13/2025,98.4
1086,India,Electronics,345.07,4,9/7/2025,1380.28
1087,UK,Grocery,249.44,6,7/15/2025,1496.64
1088,USA,Fashion,196.89,9,3/12/2025,1772.01
1089,India,Sports,318.19,8,9/5/2025,2545.52
1090,UK,Sports,353.41,8,5/26/2025,2827.28
1091,UK,Home Decor,7.16,7,4/16/2025,50.12
1092,Canada,Beauty,87.64,9,9/20/2025,788.76
1093,USA,Grocery,357.96,2,10/23/2025,715.92
1094,UK,Home Decor,334.86,3,3/11/2025,1004.58
1095,Canada,Electronics,483.19,8,7/12/2025,3865.52
1096,India,Electronics,381.71,6,3/9/2025,2290.26
1097,Pakistan,Electronics,475.63,9,11/1/2025,4280.67
1098,USA,Books,352.76,4,2/21/2025,1411.04
1099,Australia,Electronics,152.54,8,10/12/2025,1220.32
1100,Germany,Beauty,57.16,3,1/9/2025,171.48
1101,Germany,Grocery,392,3,9/8/2025,1176
1102,India,Toys,323.85,8,10/25/2025,2590.8
1103,Brazil,Fashion,28.85,5,7/3/2025,144.25
1104,Brazil,Beauty,183.22,3,6/28/2025,549.66
1105,India,Beauty,478.62,1,7/17/2025,478.62
1106,UK,Books,252.7,3,5/8/2025,758.1
1107,USA,Toys,219.2,9,1/20/2025,1972.8
1108,Germany,Toys,231.56,5,3/6/2025,1157.8
1109,Germany,Fashion,108.4,2,7/1/2025,216.8
1110,UK,Fashion,187.51,7,8/29/2025,1312.57
1111,Germany,Toys,188.06,2,1/24/2025,376.12
1112,Australia,Electronics,30.92,4,3/24/2025,123.68
1113,USA,Beauty,384.95,7,7/4/2025,2694.65
1114,China,Home Decor,211.17,4,4/9/2025,844.68
1115,Germany,Fashion,411.98,7,3/3/2025,2883.86
1116,India,Books,425.92,7,10/13/2025,2981.44
1117,Australia,Books,109.94,1,1/22/2025,109.94
1118,Germany,Fashion,330.39,6,7/31/2025,1982.34
1119,Australia,Toys,238.78,9,5/6/2025,2149.02
1120,Canada,Grocery,440.68,2,2/11/2025,881.36
1121,China,Home Decor,111.79,3,4/8/2025,335.37
1122,UAE,Home Decor,340.52,5,1/31/2025,1702.6
1123,India,Fashion,305.84,9,6/7/2025,2752.56
1124,India,Electronics,151.17,4,4/22/2025,604.68
1125,USA,Grocery,72.62,1,9/4/2025,72.62
1126,Australia,Home Decor,327.56,4,5/2/2025,1310.24
1127,UK,Fashion,370.61,6,9/30/2025,2223.66
1128,India,Books,161.24,5,10/21/2025,806.2
1129,Australia,Home Decor,324.19,1,7/26/2025,324.19
1130,Australia,Sports,200.59,4,4/20/2025,802.36
1131,Pakistan,Grocery,358.04,6,10/5/2025,2148.24
1132,Pakistan,Grocery,103.61,4,2/25/2025,414.44
1133,UAE,Sports,445.66,9,2/26/2025,4010.94
1134,Canada,Beauty,147.27,5,10/18/2025,736.35
1135,UAE,Books,187.05,8,4/24/2025,1496.4
1136,Germany,Sports,33.76,9,7/17/2025,303.84
1137,UK,Toys,60.2,5,6/28/2025,301
1138,Germany,Toys,260.35,6,8/7/2025,1562.1
1139,Brazil,Fashion,137.46,1,10/4/2025,137.46
1140,Germany,Grocery,418.56,7,1/16/2025,2929.92
1141,USA,Beauty,12.27,4,3/2/2025,49.08
1142,Germany,Beauty,192.65,2,2/23/2025,385.3
1143,UAE,Home Decor,171.99,5,6/17/2025,859.95
1144,India,Home Decor,14.57,3,1/26/2025,43.71
1145,India,Sports,66.56,6,3/6/2025,399.36
1146,Pakistan,Beauty,209.75,8,4/10/2025,1678
1147,UK,Sports,248.97,7,3/15/2025,1742.79
1148,UK,Books,205.12,3,7/11/2025,615.36
1149,USA,Sports,267.81,8,6/20/2025,2142.48
1150,UAE,Home Decor,299.59,2,9/30/2025,599.18
1151,Pakistan,Grocery,9.91,9,7/6/2025,89.19
1152,Brazil,Sports,234.73,4,1/23/2025,938.92
1153,UK,Electronics,481.93,1,6/30/2025,481.93
1154,India,Grocery,261.92,8,4/18/2025,2095.36
1155,Germany,Beauty,340.38,7,6/11/2025,2382.66
1156,Germany,Beauty,159.37,5,10/29/2025,796.85
1157,Pakistan,Sports,388.13,5,7/25/2025,1940.65
1158,UAE,Grocery,387.6,7,3/19/2025,2713.2
1159,UAE,Home Decor,263.04,5,1/16/2025,1315.2
1160,Canada,Home Decor,488.13,8,4/6/2025,3905.04
1161,China,Toys,67.15,6,5/27/2025,402.9
1162,UK,Beauty,13.39,5,1/2/2025,66.95
1163,UAE,Fashion,386.23,9,1/10/2025,3476.07
1164,India,Toys,404.54,2,5/5/2025,809.08
1165,Pakistan,Home Decor,64.5,1,3/22/2025,64.5
1166,Brazil,Grocery,136.46,8,5/20/2025,1091.68
1167,Canada,Books,13.69,3,5/30/2025,41.07
1168,Australia,Home Decor,150.19,7,10/15/2025,1051.33
1169,USA,Grocery,387.71,8,5/9/2025,3101.68
1170,Brazil,Toys,261.39,6,8/27/2025,1568.34
1171,Australia,Beauty,177.31,9,2/27/2025,1595.79
1172,Germany,Home Decor,189.01,7,7/17/2025,1323.07
1173,USA,Sports,5.67,5,7/30/2025,28.35
1174,UK,Grocery,153.4,8,2/14/2025,1227.2
1175,India,Beauty,325,2,4/7/2025,650
1176,USA,Books,487.23,7,10/6/2025,3410.61
1177,China,Books,424.3,4,1/23/2025,1697.2
1178,Australia,Fashion,16.68,9,2/13/2025,150.12
1179,UK,Grocery,449.79,1,1/27/2025,449.79
1180,China,Toys,392.68,7,10/9/2025,2748.76
1181,Germany,Fashion,391.29,6,4/7/2025,2347.74
1182,China,Fashion,231.71,8,2/5/2025,1853.68
1183,Canada,Electronics,202.01,5,4/19/2025,1010.05
1184,Canada,Home Decor,154.94,1,2/24/2025,154.94
1185,Pakistan,Grocery,37.52,1,7/11/2025,37.52
1186,Brazil,Fashion,117.98,9,8/7/2025,1061.82
1187,Brazil,Electronics,127.07,6,7/4/2025,762.42
1188,UK,Toys,244.62,5,3/10/2025,1223.1
1189,Germany,Beauty,374.98,1,5/10/2025,374.98
1190,UAE,Sports,239.54,6,2/24/2025,1437.24
1191,Canada,Sports,33.63,6,4/7/2025,201.78
1192,UK,Grocery,479.11,3,3/28/2025,1437.33
1193,UAE,Fashion,471.65,8,10/21/2025,3773.2
1194,Brazil,Sports,393.67,1,4/29/2025,393.67
1195,Pakistan,Home Decor,495.71,1,7/27/2025,495.71
1196,China,Sports,274.52,6,6/3/2025,1647.12
1197,Canada,Sports,481.57,1,2/4/2025,481.57
1198,UK,Sports,42.42,6,3/20/2025,254.52
1199,USA,Books,186.01,1,3/8/2025,186.01
1200,UAE,Electronics,116.56,6,2/3/2025,699.36
